route_code,route_name_short,accuweather_station,temp,temp_flag,realfeel,realfeel_flag,humidity,rsi_flag,rsi_forecast,aqi,aqi_flag
XJG4+7J|5PX4+HQ,Airport Expy,shantala-nagar/3352203,27,Mostly clear,26,Pleasant,51,No Precipitation,Rain will likely form in the area over the next 1 min,53,Poor
XHJ7+MG|WJM6+VC,Central Diagonal 1,subhash-nagar/3352215,27,Mostly clear,26,Pleasant,52,No Precipitation,Rain will likely form in the area in 33 min,67,Poor
WHR9+R6|XJGF+6J,Central Diagonal 2,basavanagudi/3352257,27,Mostly clear,25,Pleasant,52,No Precipitation,Rain will likely form in the area in 23 min,71,Poor
WH5F+26|WJ8X+F5W,Double Decker Flyover,pattabhiram-nagar/3352276,27,Mostly clear,25,Pleasant,53,No Precipitation,Rain starting in 9 min,71,Poor
XJPW+92|WJP4+FF,East Inner Ring,hoysala-nagar/3352194,27,Mostly clear,26,Pleasant,52,Light Rain,Rain for at least 120 min,67,Poor
XMW9+G8|WMJR+V4,East Outer Ring,mahadevapura/2864201,27,Mostly clear,26,Pleasant,53,No Precipitation,Rain starting in 2 min,59,Poor
VJRQ+2M|RMJJ+F4,Hosur Road,konappana-agrahara/2866292,26,Mostly clear,25,Pleasant,55,No Precipitation,No precipitation for at least 120 min,53,Poor
WGG8+G5|XH7P+G6,Mysore Road,deepanjali-nagar/3352240,27,Mostly clear,26,Pleasant,51,No Precipitation,Rain will likely form in the area in 18 min,66,Poor
2HM2+P8|XJV5+RG,North Inner Ring,malleswaram/890626,27,Mostly clear,25,Pleasant,51,No Precipitation,Rain will likely form in the area in 36 min,66,Poor
2HVW+G8|XJXR+WG,North Outer Ring,kammanahalli/3352184,27,Mostly clear,26,Pleasant,51,Light Rain,Rain for at least 120 min,64,Poor
XPC7+72|XM33+J3,Old Airport Road,thubarahalli/2865004,27,Mostly clear,26,Pleasant,53,No Precipitation,No precipitation for at least 120 min,59,Poor
WP44+W8|WJFH+XQ,Sarjapur Road,doddakannalli/2865544,27,Mostly clear,26,Pleasant,54,No Precipitation,Rain starting in 24 min,58,Poor
XG48+2W|VHWC+C3,South Outer Ring,hosakerehalli/3352261,27,Mostly clear,25,Pleasant,52,No Precipitation,Rain will likely form in the area in 16 min,71,Poor
